{"train/epoch":3,"train_loss":0.7416607190959187,"eval/loss":0.7090591788291931,"_step":87,"_wandb":{"runtime":560},"train_samples_per_second":82.082,"_timestamp":1.7758931826389477e+09,"train/grad_norm":1.0608867406845093,"eval/samples_per_second":272.672,"eval/runtime":3.6674,"train_runtime":563.5114,"total_flos":5.814162510839808e+16,"train/global_step":723,"eval/steps_per_second":4.363,"train/learning_rate":9.343713135623323e-09,"train_steps_per_second":1.283,"train/loss":0.564124059677124,"_runtime":560}