{"train/learning_rate":1.3267467626223606e-07,"_timestamp":1.7756138750601091e+09,"train/rewards/chosen":6.27717924118042,"train/logps/rejected":-53.678924560546875,"_wandb":{"runtime":61},"train/loss":0.9359031677246094,"train_loss":1.1005212554225214,"train/logps/chosen":-51.4488525390625,"train/logits/chosen":-0.5782001614570618,"train/rewards/accuracies":0.5250000357627869,"total_flos":5.382127541551104e+15,"train/grad_norm":7.592300891876221,"train/epoch":1,"train/global_step":54,"_runtime":61,"train_runtime":64.5692,"_step":5,"train/rewards/margins":0.10634787380695343,"train/rewards/rejected":6.170831203460693,"train_steps_per_second":0.836,"train_samples_per_second":26.483,"train/logits/rejected":-0.5744568705558777}