{"train/reward_std":0.17970308164755502,"train/epoch":1,"_timestamp":1.7756258967373767e+09,"train/completions/min_length":24,"train/global_step":133,"train/clip_ratio/low_mean":0,"train_runtime":2667.8821,"train/num_tokens":9.391903e+06,"train/clip_ratio/region_mean":0,"_step":2008,"total_flos":0,"train/loss":-0.005359327793121338,"train_loss":0.0003482019598770859,"train/completions/max_terminated_length":51.666666666666664,"profiling/Time taken: GRPOTrainer._get_per_token_logps_and_entropies":0.7228336846455932,"train/completions/max_length":51.666666666666664,"train/completions/min_terminated_length":24,"profiling/Time taken: GRPOTrainer.transformers.generate":8.600886533036828,"_wandb":{"runtime":2665},"train/entropy":0.7289920250574747,"profiling/Time taken: GRPOTrainer.reward_fn":0.00021812878549098969,"profiling/Time taken: GRPOTrainer.compute_loss":0.8101795576512814,"train_steps_per_second":0.05,"train/clip_ratio/low_min":0,"train/learning_rate":1e-06,"train/reward":0.704687496026357,"train/completions/clipped_ratio":0,"train/clip_ratio/high_mean":0,"train/clip_ratio/high_max":0,"profiling/Time taken: GRPOTrainer._calculate_rewards":0.0006996560841798782,"train/rewards/reward_fn/mean":0.704687496026357,"profiling/Time taken: GRPOTrainer._prepare_inputs":3.505498170852661e-06,"train_samples_per_second":1.605,"_runtime":2665,"train/completions/mean_terminated_length":33.713541666666664,"train/grad_norm":0.14111104607582092,"train/frac_reward_zero_std":0.40625,"train/rewards/reward_fn/std":0.34373611211776733,"train/completions/mean_length":33.713541666666664}