{"train/logits/chosen":-0.6021811366081238,"train_steps_per_second":0.86,"_runtime":102,"total_flos":9.150232069668864e+15,"train/rewards/chosen":5.871378421783447,"train/learning_rate":7.517647080519941e-09,"train/rewards/accuracies":0.59375,"train/epoch":1,"train_samples_per_second":27.433,"_timestamp":1.775612975226511e+09,"train/grad_norm":6.347836017608643,"_step":9,"train/loss":0.7961586952209473,"train/global_step":91,"train/logps/rejected":-59.6183967590332,"train/logps/chosen":-56.398231506347656,"train/rewards/margins":0.3693668246269226,"_wandb":{"runtime":102},"train/rewards/rejected":5.502011775970459,"train/logits/rejected":-0.6017647981643677,"train_loss":1.0040702688824998,"train_runtime":105.8211}