{"_timestamp":1.7756122436548207e+09,"train/rewards/accuracies":0.684374988079071,"train/logps/chosen":-56.77314376831055,"train_steps_per_second":0.903,"train/logps/rejected":-63.11322021484375,"train_samples_per_second":28.811,"train/logits/chosen":-0.5340350270271301,"train/rewards/chosen":5.906642436981201,"train/epoch":3,"_wandb":{"runtime":300},"train/logits/rejected":-0.5303606986999512,"train/grad_norm":5.944892406463623,"train/learning_rate":3.287777041539042e-09,"train_runtime":302.2761,"train_loss":0.7920487704294505,"_runtime":300,"total_flos":2.74584459804672e+16,"_step":27,"train/rewards/margins":0.7679038643836975,"train/loss":0.6022402286529541,"train/global_step":273,"train/rewards/rejected":5.138739109039307}