{
    "epoch": 3.0,
    "eval_loss": 0.7090591788291931,
    "eval_runtime": 3.6674,
    "eval_samples_per_second": 272.672,
    "eval_steps_per_second": 4.363,
    "total_flos": 5.814162510839808e+16,
    "train_loss": 0.7416607190959187,
    "train_runtime": 563.5114,
    "train_samples_per_second": 82.082,
    "train_steps_per_second": 1.283
}