{"eval/runtime":10.4854,"train_runtime":1681.3261,"eval/samples_per_second":95.371,"train_loss":0.5702842642162845,"train_steps_per_second":0.43,"_step":87,"train_samples_per_second":27.51,"eval/steps_per_second":1.526,"train/loss":0.406437349319458,"train/learning_rate":9.343713135623323e-09,"train/epoch":3,"_runtime":1689,"train/grad_norm":0.6494801640510559,"total_flos":3.4905375143706624e+17,"train/global_step":723,"_timestamp":1.7759006526021004e+09,"_wandb":{"runtime":1689},"eval/loss":0.5539093017578125}