{"train_runtime":857.7649,"eval/loss":0.6046097874641418,"_timestamp":1.7758966283312523e+09,"_runtime":860,"eval/runtime":5.5336,"train/learning_rate":9.343713135623323e-09,"train_samples_per_second":53.924,"_wandb":{"runtime":860},"train/loss":0.49204506874084475,"total_flos":1.6562535477116928e+17,"train/epoch":3,"train/global_step":723,"train/grad_norm":0.7735106348991394,"train_loss":0.6785604348650942,"eval/samples_per_second":180.715,"eval/steps_per_second":2.891,"train_steps_per_second":0.843,"_step":87}